consumer_path	line	referenced_path
AGENTS.md	19	docs/00_start_here/PROJECT_STATE.md
AGENTS.md	19	docs/00_start_here/READING_ORDER.md
HANDOFF.md	15	docs/superpowers/plans/2026-09-07-unified-next-plan.md
HANDOFF.md	15	docs/superpowers/plans/2026-09-09-operations-track-plan.md
HANDOFF.md	33	docs/implementation/p5/cainiao_segment_series.yaml
HANDOFF.md	34	docs/implementation/p5/cainiao_operating_metrics.yaml
README.md	19	docs/README.md
README.md	25	docs/assets/screenshots/dashboard.png
README.md	33	docs/knowledge-base/04_decisions/DECISION_LOG.md
README.md	84	docs/knowledge-base/04_decisions/DECISION_LOG.md
README.md	104	docs/assets/screenshots/data-mapping.png
README.md	106	docs/assets/screenshots/data-quality.png
README.md	114	docs/assets/screenshots/investigation.png
README.md	122	docs/assets/screenshots/reports.png
README.md	127	docs/assets/screenshots/login.png
README.md	129	docs/assets/screenshots/data-mobile.png
README.md	133	docs/assets/screenshots/README.md
README.md	137	docs/knowledge-base/04_decisions/DECISION_LOG.md
README.md	143	docs/assets/screenshots/p5/sf-overview.png
README.md	145	docs/assets/screenshots/p5/sf-dupont.png
README.md	150	docs/assets/screenshots/p5/sf-structure.png
README.md	152	docs/assets/screenshots/p5/sf-peer.png
README.md	154	docs/assets/screenshots/p5/sf-cashflow.png
README.md	158	docs/implementation/p5/sf_2026q1_report_view.html
README.md	158	docs/implementation/p5/sf_2026q1_diff_report.md
README.md	158	docs/implementation/2026-09-05-p5-first-extraction.md
README.md	166	docs/assets/screenshots/p5/tencent-reconciliation.png
README.md	168	docs/assets/screenshots/p5/tencent-segments.png
README.md	170	docs/implementation/p5/tencent_2026q2_report_view.html
README.md	174	docs/superpowers/specs/2026-09-05-flow-metric-dictionary-design.md
README.md	176	docs/assets/screenshots/p5/metric-library-overview.png
README.md	178	docs/assets/screenshots/p5/metric-library-relations.png
README.md	180	docs/knowledge-base/03_assets/visual_prototypes/metric-library-v0-review.html
README.md	180	docs/assets/screenshots/README.md
README.md	184	docs/superpowers/plans/2026-09-07-unified-next-plan.md
README.md	248	docs/architecture/flow-v1-runtime.md
README.md	294	docs/architecture/flow-v1-domain-objects.md
README.md	308	docs/data-contract/flow-v1.md
README.md	418	docs/operations/authentication.md
README.md	498	docs/README.md
README.md	498	docs/documentation-status.md
README.md	499	docs/superpowers/specs/2026-08-29-flow-v1-design.md
README.md	499	docs/knowledge-base/04_decisions/DECISION_LOG.md
README.md	500	docs/knowledge-base/00_start_here/PROJECT_STATE.md
README.md	500	docs/superpowers/plans/2026-09-07-unified-next-plan.md
README.md	501	docs/knowledge-base/00_start_here/AGENT_START_HERE.md
README.md	501	docs/knowledge-base/07_handoff/CONTINUATION_GUIDE.md
README.md	502	docs/api-reference.md
README.md	503	docs/intake/flow-v1-intake.md
README.md	504	docs/metrics/flow-v1-metrics.md
README.md	504	docs/architecture/flow-v1-domain-objects.md
README.md	518	docs/superpowers/plans/2026-09-07-unified-next-plan.md
README.md	518	docs/implementation/2026-09-06-shell-metric-library-s3-proxy.md
config/operations/operations_track_v1.yaml	13	docs/superpowers/specs/2026-09-09-operations-track-methodology.md
config/statements/item_alias_map_v0.yaml	14	docs/knowledge-base/02_research/synthesis/指标库初始数据集_v0_草案.yaml
config/statements/item_alias_map_v1.yaml	5	docs/knowledge-base/02_research/synthesis/指标库初始数据集_v0_草案.yaml
docs/00_start_here/DOCUMENT_MAP.md	19	docs/knowledge-base/00_start_here/PROJECT_STATE.md
docs/00_start_here/DOCUMENT_MAP.md	19	docs/00_start_here/PROJECT_STATE.md
docs/00_start_here/DOCUMENT_MAP.md	20	docs/knowledge-base/00_start_here/AGENT_START_HERE.md
docs/00_start_here/DOCUMENT_MAP.md	20	docs/00_start_here/READING_ORDER.md
docs/00_start_here/DOCUMENT_MAP.md	21	docs/knowledge-base/04_decisions/DECISION_LOG.md
docs/00_start_here/DOCUMENT_MAP.md	21	docs/10_governance/DECISION_INDEX.md
docs/00_start_here/DOCUMENT_MAP.md	27	docs/superpowers/plans/2026-09-07-unified-next-plan.md
docs/00_start_here/DOCUMENT_MAP.md	31	docs/documentation-status.md
docs/00_start_here/READING_ORDER.md	21	docs/10_governance/DECISION_INDEX.md
docs/10_governance/decisions/D001--产品不是单一驾驶舱.md	12	docs/knowledge-base/04_decisions/DECISION_LOG.md
docs/10_governance/decisions/D002--V1产品定位.md	12	docs/knowledge-base/04_decisions/DECISION_LOG.md
docs/10_governance/decisions/D003--部署方式.md	12	docs/knowledge-base/04_decisions/DECISION_LOG.md
docs/10_governance/decisions/D004--项目名称.md	12	docs/knowledge-base/04_decisions/DECISION_LOG.md
docs/10_governance/decisions/D005--首版行业与业务.md	12	docs/knowledge-base/04_decisions/DECISION_LOG.md
docs/10_governance/decisions/D006--首版数据真实性.md	12	docs/knowledge-base/04_decisions/DECISION_LOG.md
docs/10_governance/decisions/D007--时间范围和粒度.md	12	docs/knowledge-base/04_decisions/DECISION_LOG.md
docs/10_governance/decisions/D008--首版经营故事.md	12	docs/knowledge-base/04_decisions/DECISION_LOG.md
docs/10_governance/decisions/D009--分析维度.md	12	docs/knowledge-base/04_decisions/DECISION_LOG.md
docs/10_governance/decisions/D010--首版用户视角.md	12	docs/knowledge-base/04_decisions/DECISION_LOG.md
docs/10_governance/decisions/D011--驾驶舱首页结构.md	12	docs/knowledge-base/04_decisions/DECISION_LOG.md
docs/10_governance/decisions/D012--默认分析周期.md	12	docs/knowledge-base/04_decisions/DECISION_LOG.md
docs/10_governance/decisions/D013--指标组织方式.md	12	docs/knowledge-base/04_decisions/DECISION_LOG.md
docs/10_governance/decisions/D014--驾驶舱信息密度.md	12	docs/knowledge-base/04_decisions/DECISION_LOG.md
docs/10_governance/decisions/D015--外部驾驶舱参考方式.md	12	docs/knowledge-base/04_decisions/DECISION_LOG.md
docs/10_governance/decisions/D016--智能分析方式.md	12	docs/knowledge-base/04_decisions/DECISION_LOG.md
docs/10_governance/decisions/D017--Investigation形态.md	12	docs/knowledge-base/04_decisions/DECISION_LOG.md
docs/10_governance/decisions/D018--Investigation信任机制.md	12	docs/knowledge-base/04_decisions/DECISION_LOG.md
docs/10_governance/decisions/D019--Excel导入进入V1.md	12	docs/knowledge-base/04_decisions/DECISION_LOG.md
docs/10_governance/decisions/D020--Excel识别方式.md	12	docs/knowledge-base/04_decisions/DECISION_LOG.md
docs/10_governance/decisions/D021--单批次文件形式.md	12	docs/knowledge-base/04_decisions/DECISION_LOG.md
docs/10_governance/decisions/D022--标准模板与数据中间层.md	12	docs/knowledge-base/04_decisions/DECISION_LOG.md
docs/10_governance/decisions/D023--数据中间层建模.md	12	docs/knowledge-base/04_decisions/DECISION_LOG.md
docs/10_governance/decisions/D024--标准Excel数据包结构.md	12	docs/knowledge-base/04_decisions/DECISION_LOG.md
docs/10_governance/decisions/D025--报告输出进入V1.md	12	docs/knowledge-base/04_decisions/DECISION_LOG.md
docs/10_governance/decisions/D026--报告生成机制.md	12	docs/knowledge-base/04_decisions/DECISION_LOG.md
docs/10_governance/decisions/D027--正式月报格式.md	12	docs/knowledge-base/04_decisions/DECISION_LOG.md
docs/10_governance/decisions/D028--统一发布对象.md	12	docs/knowledge-base/04_decisions/DECISION_LOG.md
docs/10_governance/decisions/D029--V1开发策略.md	12	docs/knowledge-base/04_decisions/DECISION_LOG.md
docs/10_governance/decisions/D030--当前设计批准状态.md	12	docs/knowledge-base/04_decisions/DECISION_LOG.md
docs/10_governance/decisions/D031--Phase5分析输出边界.md	12	docs/knowledge-base/04_decisions/DECISION_LOG.md
docs/10_governance/decisions/D032--Phase5分析架构.md	12	docs/knowledge-base/04_decisions/DECISION_LOG.md
docs/10_governance/decisions/D033--AnalysisRun消费边界.md	12	docs/knowledge-base/04_decisions/DECISION_LOG.md
docs/10_governance/decisions/D034--Phase6Dashboard读取边界.md	12	docs/knowledge-base/04_decisions/DECISION_LOG.md
docs/10_governance/decisions/D035--Phase6Dashboard桌面信息结构.md	12	docs/knowledge-base/04_decisions/DECISION_LOG.md
docs/10_governance/decisions/D036--Investigation身份交接边界.md	12	docs/knowledge-base/04_decisions/DECISION_LOG.md
docs/10_governance/decisions/D037--Investigation审批资格与审计边界.md	12	docs/knowledge-base/04_decisions/DECISION_LOG.md
docs/10_governance/decisions/D038--PilotReadiness推进顺序.md	12	docs/knowledge-base/04_decisions/DECISION_LOG.md
docs/10_governance/decisions/D039--产品定位准确性优先的财务分析经营分析列为未来扩展.md	12	docs/knowledge-base/04_decisions/DECISION_LOG.md
docs/10_governance/decisions/D040--会计基础数据与财务分析指标库立项.md	12	docs/knowledge-base/04_decisions/DECISION_LOG.md
docs/10_governance/decisions/D041--四表一注标准输出与真实财报反向解析验证.md	12	docs/knowledge-base/04_decisions/DECISION_LOG.md
docs/10_governance/decisions/D041--四表一注标准输出与真实财报反向解析验证.md	24	docs/superpowers/specs/2026-09-05-flow-metric-dictionary-design.md
docs/10_governance/decisions/D042--P5验证实验样本选定与原文归档.md	12	docs/knowledge-base/04_decisions/DECISION_LOG.md
docs/10_governance/decisions/D043--报表可视化与图形化分析要求.md	12	docs/knowledge-base/04_decisions/DECISION_LOG.md
docs/10_governance/decisions/D043--报表可视化与图形化分析要求.md	22	docs/implementation/p5/sf_2026q1_report_view.html
docs/10_governance/decisions/D044--项目名称保持FLOW.md	12	docs/knowledge-base/04_decisions/DECISION_LOG.md
docs/10_governance/decisions/D045--双轨产品结构财务分析轨+经营分析轨.md	12	docs/knowledge-base/04_decisions/DECISION_LOG.md
docs/10_governance/decisions/D046--双轨执行计划三步骤.md	12	docs/knowledge-base/04_decisions/DECISION_LOG.md
docs/10_governance/decisions/D047--知识库默认推荐策略替代逐项人工评审.md	12	docs/knowledge-base/04_decisions/DECISION_LOG.md
docs/10_governance/decisions/D047--知识库默认推荐策略替代逐项人工评审.md	22	docs/superpowers/plans/2026-09-06-finance-track-master-plan.md
docs/10_governance/decisions/D048--引擎指标目录库内化P4物流指标集迁移完成.md	12	docs/knowledge-base/04_decisions/DECISION_LOG.md
docs/10_governance/decisions/D049--客观基础优先与公开数据阶段交付.md	12	docs/knowledge-base/04_decisions/DECISION_LOG.md
docs/10_governance/decisions/D050--经营分析轨方法论采纳外部SOP分析判断后的默认推.md	12	docs/knowledge-base/04_decisions/DECISION_LOG.md
docs/10_governance/decisions/D051--Obsidian常驻内部知识源与任务取用门禁.md	12	docs/knowledge-base/04_decisions/DECISION_LOG.md
docs/10_governance/legacy-exemptions.tsv	5	docs/2026-09-07-documentation-governance.md
docs/10_governance/legacy-exemptions.tsv	6	docs/api-reference.md
docs/10_governance/legacy-exemptions.tsv	7	docs/architecture/flow-v1-domain-objects.md
docs/10_governance/legacy-exemptions.tsv	8	docs/architecture/flow-v1-runtime.md
docs/10_governance/legacy-exemptions.tsv	9	docs/assets/screenshots/README.md
docs/10_governance/legacy-exemptions.tsv	10	docs/data-contract/flow-v1.md
docs/10_governance/legacy-exemptions.tsv	11	docs/documentation-status.md
docs/10_governance/legacy-exemptions.tsv	12	docs/implementation/2026-08-30-phase-1-verification.md
docs/10_governance/legacy-exemptions.tsv	13	docs/implementation/2026-08-30-phase-2-verification.md
docs/10_governance/legacy-exemptions.tsv	14	docs/implementation/2026-08-31-phase-3-verification.md
docs/10_governance/legacy-exemptions.tsv	15	docs/implementation/2026-09-01-phase-4-verification.md
docs/10_governance/legacy-exemptions.tsv	16	docs/implementation/2026-09-01-phase-5-verification.md
docs/10_governance/legacy-exemptions.tsv	17	docs/implementation/2026-09-02-phase-10-acceptance.md
docs/10_governance/legacy-exemptions.tsv	18	docs/implementation/2026-09-02-phase-6-dashboard-fidelity.md
docs/10_governance/legacy-exemptions.tsv	19	docs/implementation/2026-09-02-phase-6-verification.md
docs/10_governance/legacy-exemptions.tsv	20	docs/implementation/2026-09-02-phase-7-verification.md
docs/10_governance/legacy-exemptions.tsv	21	docs/implementation/2026-09-02-phase-8-verification.md
docs/10_governance/legacy-exemptions.tsv	22	docs/implementation/2026-09-02-phase-9-verification.md
docs/10_governance/legacy-exemptions.tsv	23	docs/implementation/2026-09-04-documentation-refresh.md
docs/10_governance/legacy-exemptions.tsv	24	docs/implementation/2026-09-04-phase-pilot-1-user-closure.md
docs/10_governance/legacy-exemptions.tsv	25	docs/implementation/2026-09-04-review-repairs.md
docs/10_governance/legacy-exemptions.tsv	26	docs/implementation/2026-09-05-ci-repair.md
docs/10_governance/legacy-exemptions.tsv	27	docs/implementation/2026-09-05-p5-first-extraction.md
docs/10_governance/legacy-exemptions.tsv	28	docs/implementation/2026-09-06-shell-metric-library-s3-proxy.md
docs/10_governance/legacy-exemptions.tsv	29	docs/implementation/metric-library-v1.1.md
docs/10_governance/legacy-exemptions.tsv	30	docs/implementation/objective-analysis/2026-09-06-baseline-audit.md
docs/10_governance/legacy-exemptions.tsv	31	docs/implementation/objective-analysis/2026-09-06-caliber-audit.md
docs/10_governance/legacy-exemptions.tsv	32	docs/implementation/objective-analysis/2026-09-07-format-review.md
docs/10_governance/legacy-exemptions.tsv	33	docs/implementation/objective-analysis/metric-execution-coverage.md
docs/10_governance/legacy-exemptions.tsv	34	docs/implementation/objective-analysis/next-stage-baseline.md
docs/10_governance/legacy-exemptions.tsv	35	docs/implementation/p5/P5-validation-summary.md
docs/10_governance/legacy-exemptions.tsv	36	docs/implementation/p5/metric_coverage_matrix.md
docs/10_governance/legacy-exemptions.tsv	37	docs/implementation/p5/sf_2026q1_diff_report.md
docs/10_governance/legacy-exemptions.tsv	38	docs/intake/flow-v1-intake.md
docs/10_governance/legacy-exemptions.tsv	39	docs/knowledge-base/00_start_here/2026-09-07-project-state-history.md
docs/10_governance/legacy-exemptions.tsv	40	docs/knowledge-base/01_conversations/INDEX.md
docs/10_governance/legacy-exemptions.tsv	41	docs/knowledge-base/01_conversations/readable/2026-09-02-positioning-accurate-financial-analysis.md
docs/10_governance/legacy-exemptions.tsv	42	docs/knowledge-base/01_conversations/readable/rollout-2026-08-28T14-41-27-01a0471a-1689-7270-8dc5-f2bf084e4db9.md
docs/10_governance/legacy-exemptions.tsv	43	docs/knowledge-base/01_conversations/readable/rollout-2026-08-29T14-00-01-01a0471a-1689-7270-8dc5-f2bf084e4db9_01a04c1a-86bd-7960-9db5-80ae486d1bd4.md
docs/10_governance/legacy-exemptions.tsv	44	docs/knowledge-base/02_research/2026-09-11-finance-knowledge-map.md
docs/10_governance/legacy-exemptions.tsv	45	docs/knowledge-base/02_research/INDEX.md
docs/10_governance/legacy-exemptions.tsv	46	docs/knowledge-base/02_research/synthesis/2026-08-29-Finance_Intelligence_OS_系统研究结论.md
docs/10_governance/legacy-exemptions.tsv	47	docs/knowledge-base/02_research/synthesis/2026-09-05-会计与财务指标知识库_设计草案.md
docs/10_governance/legacy-exemptions.tsv	48	docs/knowledge-base/02_research/synthesis/2026-09-05-指标库初始目录_v0_草案.md
docs/10_governance/legacy-exemptions.tsv	49	docs/knowledge-base/02_research/synthesis/2026-09-06-FineBI财务经营分析看板_架构借鉴分析.md
docs/10_governance/legacy-exemptions.tsv	50	docs/knowledge-base/02_research/synthesis/2026-09-06-经营分析轨数据定义_v0_草案.md
docs/10_governance/legacy-exemptions.tsv	51	docs/knowledge-base/02_research/synthesis/2026-09-06-财务分析十指标文章_借鉴升级清单.md
docs/10_governance/legacy-exemptions.tsv	52	docs/knowledge-base/02_research/synthesis/2026-09-07-reference-and-improvement-master.md
docs/10_governance/legacy-exemptions.tsv	53	docs/knowledge-base/02_research/synthesis/2026-09-09-15-models-assessment.md
docs/10_governance/legacy-exemptions.tsv	54	docs/knowledge-base/02_research/synthesis/2026-09-09-break-even-tool-assessment.md
docs/10_governance/legacy-exemptions.tsv	55	docs/knowledge-base/02_research/synthesis/2026-09-09-finance-cockpit-pbi-assessment.md
docs/10_governance/legacy-exemptions.tsv	56	docs/knowledge-base/02_research/synthesis/2026-09-09-metric-linkage-assessment.md
docs/10_governance/legacy-exemptions.tsv	57	docs/knowledge-base/02_research/synthesis/2026-09-09-open-source-bi-assessment.md
docs/10_governance/legacy-exemptions.tsv	58	docs/knowledge-base/02_research/synthesis/2026-09-09-operations-sop-assessment.md
docs/10_governance/legacy-exemptions.tsv	59	docs/knowledge-base/02_research/synthesis/2026-09-09-report-4steps-assessment.md
docs/10_governance/legacy-exemptions.tsv	60	docs/knowledge-base/02_research/synthesis/2026-09-11-25-indicators-assessment.md
docs/10_governance/legacy-exemptions.tsv	61	docs/knowledge-base/02_research/synthesis/2026-09-12-16-bp26-assessment.md
docs/10_governance/legacy-exemptions.tsv	62	docs/knowledge-base/02_research/synthesis/2026-09-12-17-bp-collaboration-assessment.md
docs/10_governance/legacy-exemptions.tsv	63	docs/knowledge-base/02_research/synthesis/2026-09-12-18-flash-report-assessment.md
docs/10_governance/legacy-exemptions.tsv	64	docs/knowledge-base/02_research/synthesis/2026-09-12-obsidian-internal-kb-assessment.md
docs/10_governance/legacy-exemptions.tsv	65	docs/knowledge-base/02_research/synthesis/2026-09-12-obsidian-scan/A-finance.md
docs/10_governance/legacy-exemptions.tsv	66	docs/knowledge-base/02_research/synthesis/2026-09-12-obsidian-scan/B-management.md
docs/10_governance/legacy-exemptions.tsv	67	docs/knowledge-base/02_research/synthesis/2026-09-12-obsidian-scan/C-logistics.md
docs/10_governance/legacy-exemptions.tsv	68	docs/knowledge-base/02_research/synthesis/2026-09-12-obsidian-scan/D-wiki.md
docs/10_governance/legacy-exemptions.tsv	69	docs/knowledge-base/02_research/synthesis/2026-09-12-obsidian-scan/W1-wechat-vertical.md
docs/10_governance/legacy-exemptions.tsv	70	docs/knowledge-base/02_research/synthesis/2026-09-12-obsidian-scan/W2-wechat-analysis.md
docs/10_governance/legacy-exemptions.tsv	71	docs/knowledge-base/02_research/synthesis/2026-09-12-obsidian-scan/W3-wechat-general.md
docs/10_governance/legacy-exemptions.tsv	72	docs/knowledge-base/02_research/synthesis/2026-09-12-obsidian-scan/W4-wechat-1546-snapshot.md
docs/10_governance/legacy-exemptions.tsv	73	docs/knowledge-base/03_assets/IMAGE_CATALOG.md
docs/10_governance/legacy-exemptions.tsv	74	docs/knowledge-base/04_decisions/CHANGE_IMPACT_MAP.md
docs/10_governance/legacy-exemptions.tsv	75	docs/knowledge-base/05_design/PROTOTYPE_INDEX.md
docs/10_governance/legacy-exemptions.tsv	76	docs/knowledge-base/06_sources/LINK_CATALOG.md
docs/10_governance/legacy-exemptions.tsv	77	docs/knowledge-base/06_sources/SOURCE_CATALOG.md
docs/10_governance/legacy-exemptions.tsv	78	docs/knowledge-base/07_handoff/2026-09-07-machine-handoff-p03-plan.md
docs/10_governance/legacy-exemptions.tsv	79	docs/knowledge-base/07_handoff/CONTINUATION_GUIDE.md
docs/10_governance/legacy-exemptions.tsv	80	docs/knowledge-base/07_handoff/RESTART_PROMPTS.md
docs/10_governance/legacy-exemptions.tsv	81	docs/knowledge-base/09_competitive/C01-powerbi.md
docs/10_governance/legacy-exemptions.tsv	82	docs/knowledge-base/09_competitive/C02-tableau.md
docs/10_governance/legacy-exemptions.tsv	83	docs/knowledge-base/09_competitive/C03-qlik-sense.md
docs/10_governance/legacy-exemptions.tsv	84	docs/knowledge-base/09_competitive/C04-sap-analytics-cloud.md
docs/10_governance/legacy-exemptions.tsv	85	docs/knowledge-base/09_competitive/C05-looker.md
docs/10_governance/legacy-exemptions.tsv	86	docs/knowledge-base/09_competitive/C06-finebi.md
docs/10_governance/legacy-exemptions.tsv	87	docs/knowledge-base/09_competitive/C07-quickbi.md
docs/10_governance/legacy-exemptions.tsv	88	docs/knowledge-base/09_competitive/C08-guanduan.md
docs/10_governance/legacy-exemptions.tsv	89	docs/knowledge-base/09_competitive/C09-yonghong.md
docs/10_governance/legacy-exemptions.tsv	90	docs/knowledge-base/09_competitive/C10-wangyi-youshu.md
docs/10_governance/legacy-exemptions.tsv	91	docs/knowledge-base/09_competitive/C11-anaplan.md
docs/10_governance/legacy-exemptions.tsv	92	docs/knowledge-base/09_competitive/C12-board.md
docs/10_governance/legacy-exemptions.tsv	93	docs/knowledge-base/09_competitive/C13-workday-adaptive.md
docs/10_governance/legacy-exemptions.tsv	94	docs/knowledge-base/09_competitive/C14-pigment.md
docs/10_governance/legacy-exemptions.tsv	95	docs/knowledge-base/09_competitive/C15-xiansheng.md
docs/10_governance/legacy-exemptions.tsv	96	docs/knowledge-base/09_competitive/C16-metabase.md
docs/10_governance/legacy-exemptions.tsv	97	docs/knowledge-base/09_competitive/C17-superset.md
docs/10_governance/legacy-exemptions.tsv	98	docs/knowledge-base/09_competitive/C18-redash.md
docs/10_governance/legacy-exemptions.tsv	99	docs/knowledge-base/09_competitive/C19-dataease.md
docs/10_governance/legacy-exemptions.tsv	100	docs/knowledge-base/09_competitive/C20-jimu-report.md
docs/10_governance/legacy-exemptions.tsv	101	docs/knowledge-base/09_competitive/INDEX.md
docs/10_governance/legacy-exemptions.tsv	102	docs/knowledge-base/README.md
docs/10_governance/legacy-exemptions.tsv	103	docs/metrics/flow-v1-metrics.md
docs/10_governance/legacy-exemptions.tsv	104	docs/operations/authentication.md
docs/10_governance/legacy-exemptions.tsv	105	docs/reviews/2026-09-04-project-code-review.md
docs/10_governance/legacy-exemptions.tsv	106	docs/reviews/2026-09-04-synced-project-code-review.md
docs/10_governance/legacy-exemptions.tsv	107	docs/superpowers/plans/2026-08-30-flow-v1-master-roadmap.md
docs/10_governance/legacy-exemptions.tsv	108	docs/superpowers/plans/2026-08-30-flow-v1-phase-1-foundation.md
docs/10_governance/legacy-exemptions.tsv	109	docs/superpowers/plans/2026-08-30-flow-v1-phase-2-data-contract.md
docs/10_governance/legacy-exemptions.tsv	110	docs/superpowers/plans/2026-08-30-flow-v1-phase-3-intake.md
docs/10_governance/legacy-exemptions.tsv	111	docs/superpowers/plans/2026-08-30-flow-v1-phase-4-metrics.md
docs/10_governance/legacy-exemptions.tsv	112	docs/superpowers/plans/2026-08-30-flow-v1-phase-6-dashboard.md
docs/10_governance/legacy-exemptions.tsv	113	docs/superpowers/plans/2026-09-01-flow-v1-phase-5-analysis.md
docs/10_governance/legacy-exemptions.tsv	114	docs/superpowers/plans/2026-09-02-flow-pilot-readiness-phase-1-user-closure.md
docs/10_governance/legacy-exemptions.tsv	115	docs/superpowers/plans/2026-09-02-flow-v0.1.1-baseline-repair.md
docs/10_governance/legacy-exemptions.tsv	116	docs/superpowers/plans/2026-09-02-flow-v1-phase-7-investigation.md
docs/10_governance/legacy-exemptions.tsv	117	docs/superpowers/plans/2026-09-02-flow-v1-phase-8-copilot.md
docs/10_governance/legacy-exemptions.tsv	118	docs/superpowers/plans/2026-09-02-flow-v1-phase-9-publishing.md
docs/10_governance/legacy-exemptions.tsv	119	docs/superpowers/plans/2026-09-03-flow-pilot-readiness-phase-2-security-deployment.md
docs/10_governance/legacy-exemptions.tsv	120	docs/superpowers/plans/2026-09-04-review-repairs.md
docs/10_governance/legacy-exemptions.tsv	121	docs/superpowers/plans/2026-09-06-finance-track-master-plan.md
docs/10_governance/legacy-exemptions.tsv	122	docs/superpowers/plans/2026-09-06-objective-financial-analysis-master-plan.md
docs/10_governance/legacy-exemptions.tsv	123	docs/superpowers/plans/2026-09-07-next-stage-upgrade-plan.md
docs/10_governance/legacy-exemptions.tsv	124	docs/superpowers/plans/2026-09-07-unified-next-plan.md
docs/10_governance/legacy-exemptions.tsv	125	docs/superpowers/plans/2026-09-07-v11-evidence-decision-pack.md
docs/10_governance/legacy-exemptions.tsv	126	docs/superpowers/plans/2026-09-09-operations-track-plan.md
docs/10_governance/legacy-exemptions.tsv	127	docs/superpowers/specs/2026-08-29-flow-v1-design.md
docs/10_governance/legacy-exemptions.tsv	128	docs/superpowers/specs/2026-09-01-flow-v1-phase-5-analysis-design.md
docs/10_governance/legacy-exemptions.tsv	129	docs/superpowers/specs/2026-09-01-flow-v1-phase-6-dashboard-design.md
docs/10_governance/legacy-exemptions.tsv	130	docs/superpowers/specs/2026-09-04-review-repairs-design.md
docs/10_governance/legacy-exemptions.tsv	131	docs/superpowers/specs/2026-09-05-flow-metric-dictionary-design.md
docs/10_governance/legacy-exemptions.tsv	132	docs/superpowers/specs/2026-09-06-objective-financial-analysis-direction.md
docs/10_governance/legacy-exemptions.tsv	133	docs/superpowers/specs/2026-09-09-operations-track-methodology.md
docs/10_governance/legacy-exemptions.tsv	134	docs/superpowers/specs/financial-facts-contract.md
docs/implementation/2026-08-30-phase-2-verification.md	93	docs/data-contract/flow-v1.md
docs/implementation/2026-08-31-phase-3-verification.md	89	docs/intake/flow-v1-intake.md
docs/implementation/2026-09-01-phase-4-verification.md	82	docs/metrics/flow-v1-metrics.md
docs/implementation/2026-09-02-phase-10-acceptance.md	7	docs/superpowers/plans/2026-08-30-flow-v1-master-roadmap.md
docs/implementation/2026-09-02-phase-6-dashboard-fidelity.md	8	docs/knowledge-base/03_assets/visual_prototypes/dashboard-density-v2.html
docs/implementation/2026-09-02-phase-6-dashboard-fidelity.md	10	docs/implementation/assets/phase-6-approved-reference-1440.png
docs/implementation/2026-09-02-phase-6-verification.md	7	docs/superpowers/specs/2026-08-29-flow-v1-design.md
docs/implementation/2026-09-02-phase-6-verification.md	8	docs/implementation/2026-09-02-phase-6-dashboard-fidelity.md
docs/implementation/2026-09-02-phase-7-verification.md	7	docs/superpowers/plans/2026-09-02-flow-v1-phase-7-investigation.md
docs/implementation/2026-09-02-phase-7-verification.md	8	docs/superpowers/specs/2026-08-29-flow-v1-design.md
docs/implementation/2026-09-02-phase-8-verification.md	7	docs/superpowers/plans/2026-09-02-flow-v1-phase-8-copilot.md
docs/implementation/2026-09-02-phase-8-verification.md	8	docs/superpowers/specs/2026-08-29-flow-v1-design.md
docs/implementation/2026-09-02-phase-9-verification.md	7	docs/superpowers/plans/2026-09-02-flow-v1-phase-9-publishing.md
docs/implementation/2026-09-02-phase-9-verification.md	8	docs/superpowers/specs/2026-08-29-flow-v1-design.md
docs/implementation/2026-09-04-documentation-refresh.md	8	docs/README.md
docs/implementation/2026-09-04-documentation-refresh.md	8	docs/api-reference.md
docs/implementation/2026-09-04-documentation-refresh.md	8	docs/documentation-status.md
docs/implementation/2026-09-04-phase-pilot-1-user-closure.md	6	docs/superpowers/plans/2026-09-02-flow-pilot-readiness-phase-1-user-closure.md
docs/implementation/2026-09-04-review-repairs.md	5	docs/reviews/2026-09-04-project-code-review.md
docs/implementation/2026-09-05-p5-first-extraction.md	5	docs/knowledge-base/02_research/original/p5_samples/sf_002352/SF_2026_Q1_report.pdf
docs/implementation/2026-09-05-p5-first-extraction.md	16	docs/implementation/p5/sf_2026q1_statements.yaml
docs/implementation/2026-09-05-p5-first-extraction.md	18	docs/implementation/p5/sf_2026q1_diff_report.md
docs/implementation/2026-09-05-p5-first-extraction.md	35	docs/implementation/p5/sf_2026q1_statements.yaml
docs/implementation/2026-09-05-p5-first-extraction.md	36	docs/implementation/p5/sf_2026q1_diff_report.md
docs/implementation/2026-09-05-p5-first-extraction.md	38	docs/implementation/p5/sf_2026q1_report_view.html
docs/implementation/2026-09-05-p5-first-extraction.md	39	docs/implementation/p5/tencent_2026q2_report_view.html
docs/implementation/2026-09-05-p5-first-extraction.md	67	docs/implementation/p5/tencent_2026q2_report_view.html
docs/implementation/2026-09-05-p5-first-extraction.md	78	docs/implementation/p5/item_alias_map_v0.yaml
docs/implementation/2026-09-05-p5-first-extraction.md	79	docs/implementation/p5/statement_facts.yaml
docs/implementation/2026-09-05-p5-first-extraction.md	81	docs/implementation/p5/metric_coverage_matrix.md
docs/implementation/objective-analysis/2026-09-06-baseline-audit.md	17	docs/implementation/p5/P5-validation-summary.md
docs/implementation/p5/alibaba_2019fy_statements.yaml	2	docs/knowledge-base/02_research/original/p5_samples/alibaba_9988/BABA_FY2020_annual_results.pdf
docs/implementation/p5/alibaba_2020fy_statements.yaml	2	docs/knowledge-base/02_research/original/p5_samples/alibaba_9988/BABA_FY2020_annual_results.pdf
docs/implementation/p5/alibaba_2021fy_statements.yaml	2	docs/knowledge-base/02_research/original/p5_samples/alibaba_9988/BABA_FY2021_annual_results.pdf
docs/implementation/p5/alibaba_2022fy_statements.yaml	2	docs/knowledge-base/02_research/original/p5_samples/alibaba_9988/BABA_FY2022_annual_results.pdf
docs/implementation/p5/alibaba_2023fy_statements.yaml	2	docs/knowledge-base/02_research/original/p5_samples/alibaba_9988/BABA_FY2024_annual_results.pdf
docs/implementation/p5/alibaba_2024fy_statements.yaml	2	docs/knowledge-base/02_research/original/p5_samples/alibaba_9988/BABA_FY2024_annual_results.pdf
docs/implementation/p5/alibaba_2025fy_statements.yaml	2	docs/knowledge-base/02_research/original/p5_samples/alibaba_9988/BABA_FY2025_annual_results.pdf
docs/implementation/p5/alibaba_2026fy_statements.yaml	2	docs/knowledge-base/02_research/original/p5_samples/alibaba_9988/BABA_FY2026_annual_results.pdf
docs/implementation/p5/cainiao_2021fy_statements.yaml	2	docs/knowledge-base/02_research/original/p5_samples/cainiao_private/Cainiao_application_proof_20230926.pdf
docs/implementation/p5/cainiao_2022fy_statements.yaml	2	docs/knowledge-base/02_research/original/p5_samples/cainiao_private/Cainiao_application_proof_20230926.pdf
docs/implementation/p5/cainiao_2023fy_statements.yaml	2	docs/knowledge-base/02_research/original/p5_samples/cainiao_private/Cainiao_application_proof_20230926.pdf
docs/implementation/p5/cainiao_operating_metrics.yaml	11	docs/knowledge-base/02_research/original/p5_samples/cainiao_private/Cainiao_application_proof_20230926.pdf
docs/implementation/p5/item_alias_map_v0.yaml	14	docs/knowledge-base/02_research/synthesis/指标库初始数据集_v0_草案.yaml
docs/implementation/p5/jdl_2025fy_statements.yaml	2	docs/knowledge-base/02_research/original/p5_samples/jd_logistics_2618/JDL_FY2025_annual_report.pdf
docs/implementation/p5/sf_2026q1_statements.yaml	2	docs/knowledge-base/02_research/original/p5_samples/sf_002352/SF_2026_Q1_report.pdf
docs/implementation/p5/statement_facts.yaml	5	docs/implementation/p5/item_alias_map_v0.yaml
docs/implementation/p5/tencent_2026q2_statements.yaml	2	docs/knowledge-base/02_research/original/p5_samples/tencent_0700/Tencent_2026_Q2_results.pdf
docs/knowledge-base/00_start_here/2026-09-07-project-state-history.md	113	docs/superpowers/specs/2026-08-29-flow-v1-design.md
docs/knowledge-base/00_start_here/2026-09-07-project-state-history.md	143	docs/implementation/2026-08-30-phase-1-verification.md
docs/knowledge-base/00_start_here/2026-09-07-project-state-history.md	155	docs/implementation/2026-08-30-phase-2-verification.md
docs/knowledge-base/00_start_here/2026-09-07-project-state-history.md	169	docs/implementation/2026-08-31-phase-3-verification.md
docs/knowledge-base/00_start_here/2026-09-07-project-state-history.md	181	docs/implementation/2026-09-01-phase-4-verification.md
docs/knowledge-base/00_start_here/2026-09-07-project-state-history.md	181	docs/metrics/flow-v1-metrics.md
docs/knowledge-base/00_start_here/2026-09-07-project-state-history.md	193	docs/implementation/2026-09-01-phase-5-verification.md
docs/knowledge-base/00_start_here/2026-09-07-project-state-history.md	193	docs/superpowers/specs/2026-09-01-flow-v1-phase-5-analysis-design.md
docs/knowledge-base/00_start_here/2026-09-07-project-state-history.md	204	docs/implementation/2026-09-02-phase-6-verification.md
docs/knowledge-base/00_start_here/2026-09-07-project-state-history.md	204	docs/implementation/2026-09-02-phase-6-dashboard-fidelity.md
docs/knowledge-base/00_start_here/2026-09-07-project-state-history.md	213	docs/implementation/2026-09-02-phase-7-verification.md
docs/knowledge-base/00_start_here/2026-09-07-project-state-history.md	222	docs/implementation/2026-09-02-phase-8-verification.md
docs/knowledge-base/00_start_here/2026-09-07-project-state-history.md	230	docs/implementation/2026-09-02-phase-9-verification.md
docs/knowledge-base/00_start_here/2026-09-07-project-state-history.md	236	docs/implementation/2026-09-02-phase-10-acceptance.md
docs/knowledge-base/00_start_here/2026-09-07-project-state-history.md	266	docs/superpowers/specs/2026-09-05-flow-metric-dictionary-design.md
docs/knowledge-base/00_start_here/2026-09-07-project-state-history.md	266	docs/knowledge-base/03_assets/visual_prototypes/metric-library-v0-review.html
docs/knowledge-base/00_start_here/2026-09-07-project-state-history.md	300	docs/superpowers/plans/2026-09-06-finance-track-master-plan.md
docs/knowledge-base/00_start_here/2026-09-07-project-state-history.md	308	docs/superpowers/plans/2026-09-06-finance-track-master-plan.md
docs/knowledge-base/00_start_here/2026-09-07-project-state-history.md	335	docs/implementation/objective-analysis/2026-09-06-baseline-audit.md
docs/knowledge-base/00_start_here/2026-09-07-project-state-history.md	336	docs/superpowers/specs/financial-facts-contract.md
docs/knowledge-base/00_start_here/2026-09-07-project-state-history.md	352	docs/superpowers/plans/2026-09-06-objective-financial-analysis-master-plan.md
docs/knowledge-base/00_start_here/AGENT_START_HERE.md	18	docs/00_start_here/PROJECT_STATE.md
docs/knowledge-base/00_start_here/PROJECT_STATE.md	18	docs/00_start_here/PROJECT_STATE.md
docs/knowledge-base/01_conversations/readable/rollout-2026-08-29T14-00-01-01a0471a-1689-7270-8dc5-f2bf084e4db9_01a04c1a-86bd-7960-9db5-80ae486d1bd4.md	911	docs/superpowers/specs/2026-08-29-flow-v1-design.md
docs/knowledge-base/02_research/INDEX.md	57	docs/superpowers/specs/2026-09-05-flow-metric-dictionary-design.md
docs/knowledge-base/04_decisions/CHANGE_IMPACT_MAP.md	130	docs/superpowers/specs/2026-09-01-flow-v1-phase-5-analysis-design.md
docs/knowledge-base/04_decisions/CHANGE_IMPACT_MAP.md	131	docs/superpowers/plans/2026-09-01-flow-v1-phase-5-analysis.md
docs/knowledge-base/04_decisions/CHANGE_IMPACT_MAP.md	132	docs/implementation/2026-09-01-phase-5-verification.md
docs/knowledge-base/04_decisions/CHANGE_IMPACT_MAP.md	142	docs/superpowers/specs/2026-09-01-flow-v1-phase-6-dashboard-design.md
docs/knowledge-base/04_decisions/CHANGE_IMPACT_MAP.md	143	docs/superpowers/plans/2026-08-30-flow-v1-phase-6-dashboard.md
docs/knowledge-base/04_decisions/CHANGE_IMPACT_MAP.md	144	docs/implementation/2026-09-02-phase-6-verification.md
docs/knowledge-base/04_decisions/CHANGE_IMPACT_MAP.md	145	docs/implementation/2026-09-02-phase-6-dashboard-fidelity.md
docs/knowledge-base/04_decisions/CHANGE_IMPACT_MAP.md	161	docs/implementation/2026-09-04-review-repairs.md
docs/knowledge-base/04_decisions/CHANGE_IMPACT_MAP.md	172	docs/implementation/2026-09-02-phase-10-acceptance.md
docs/knowledge-base/04_decisions/CHANGE_IMPACT_MAP.md	173	docs/superpowers/plans/2026-09-03-flow-pilot-readiness-phase-2-security-deployment.md
docs/knowledge-base/04_decisions/CHANGE_IMPACT_MAP.md	174	docs/operations/authentication.md
docs/knowledge-base/04_decisions/CHANGE_IMPACT_MAP.md	174	docs/implementation/2026-09-04-review-repairs.md
docs/knowledge-base/04_decisions/CHANGE_IMPACT_MAP.md	175	docs/implementation/2026-09-04-phase-pilot-1-user-closure.md
docs/knowledge-base/04_decisions/DECISION_LOG.md	18	docs/10_governance/DECISION_INDEX.md
docs/knowledge-base/05_design/PROTOTYPE_INDEX.md	9	docs/implementation/p5/sf_2026q1_report_view.html
docs/knowledge-base/06_sources/SOURCE_CATALOG.md	45	docs/superpowers/specs/2026-08-29-flow-v1-design.md
docs/knowledge-base/07_handoff/2026-09-07-machine-handoff-p03-plan.md	36	docs/implementation/objective-analysis/2026-09-07-format-review.md
docs/knowledge-base/07_handoff/2026-09-07-machine-handoff-p03-plan.md	69	docs/superpowers/plans/2026-09-07-next-stage-upgrade-plan.md
docs/knowledge-base/07_handoff/RESTART_PROMPTS.md	8	docs/knowledge-base/00_start_here/AGENT_START_HERE.md
docs/knowledge-base/07_handoff/RESTART_PROMPTS.md	14	docs/superpowers/plans/2026-09-07-next-stage-upgrade-plan.md
docs/knowledge-base/08_wechat_sources/HANDOFF.md	23	docs/knowledge-base/08_wechat_sources/INDEX.md
docs/knowledge-base/08_wechat_sources/HANDOFF.md	74	docs/knowledge-base/08_wechat_sources/README.md
docs/knowledge-base/10_sources/snapshots/obsidian-2026-09-12T15-46+08-00.yaml	16	docs/knowledge-base/02_research/synthesis/2026-09-12-obsidian-internal-kb-assessment.md
docs/superpowers/plans/2026-08-30-flow-v1-master-roadmap.md	165	docs/superpowers/plans/2026-08-30-flow-v1-phase-2-data-contract.md
docs/superpowers/plans/2026-08-30-flow-v1-master-roadmap.md	175	docs/data-contract/flow-v1.md
docs/superpowers/plans/2026-08-30-flow-v1-master-roadmap.md	187	docs/superpowers/plans/2026-08-30-flow-v1-phase-3-intake.md
docs/superpowers/plans/2026-08-30-flow-v1-master-roadmap.md	212	docs/superpowers/plans/2026-08-30-flow-v1-phase-4-metrics.md
docs/superpowers/plans/2026-08-30-flow-v1-master-roadmap.md	256	docs/superpowers/plans/2026-08-30-flow-v1-phase-6-dashboard.md
docs/superpowers/plans/2026-08-30-flow-v1-phase-1-foundation.md	615	docs/architecture/flow-v1-runtime.md
docs/superpowers/plans/2026-08-30-flow-v1-phase-1-foundation.md	616	docs/architecture/flow-v1-domain-objects.md
docs/superpowers/plans/2026-08-30-flow-v1-phase-1-foundation.md	674	docs/implementation/2026-08-30-phase-1-verification.md
docs/superpowers/plans/2026-08-30-flow-v1-phase-1-foundation.md	675	docs/knowledge-base/00_start_here/PROJECT_STATE.md
docs/superpowers/plans/2026-08-30-flow-v1-phase-1-foundation.md	676	docs/knowledge-base/99_manifest/inventory.tsv
docs/superpowers/plans/2026-08-30-flow-v1-phase-1-foundation.md	677	docs/knowledge-base/99_manifest/sha256sums.txt
docs/superpowers/plans/2026-08-30-flow-v1-phase-1-foundation.md	696	docs/implementation/2026-08-30-phase-1-verification.md
docs/superpowers/plans/2026-08-30-flow-v1-phase-1-foundation.md	709	docs/implementation/2026-08-30-phase-1-verification.md
docs/superpowers/plans/2026-08-30-flow-v1-phase-1-foundation.md	709	docs/knowledge-base/00_start_here/PROJECT_STATE.md
docs/superpowers/plans/2026-08-30-flow-v1-phase-2-data-contract.md	440	docs/data-contract/flow-v1.md
docs/superpowers/plans/2026-08-30-flow-v1-phase-2-data-contract.md	473	docs/data-contract/flow-v1.md
docs/superpowers/plans/2026-08-30-flow-v1-phase-2-data-contract.md	497	docs/data-contract/flow-v1.md
docs/superpowers/plans/2026-08-30-flow-v1-phase-2-data-contract.md	505	docs/implementation/2026-08-30-phase-2-verification.md
docs/superpowers/plans/2026-08-30-flow-v1-phase-2-data-contract.md	506	docs/knowledge-base/00_start_here/PROJECT_STATE.md
docs/superpowers/plans/2026-08-30-flow-v1-phase-2-data-contract.md	507	docs/knowledge-base/00_start_here/AGENT_START_HERE.md
docs/superpowers/plans/2026-08-30-flow-v1-phase-2-data-contract.md	508	docs/knowledge-base/99_manifest/inventory.tsv
docs/superpowers/plans/2026-08-30-flow-v1-phase-2-data-contract.md	509	docs/knowledge-base/99_manifest/sha256sums.txt
docs/superpowers/plans/2026-08-30-flow-v1-phase-2-data-contract.md	546	docs/implementation/2026-08-30-phase-2-verification.md
docs/superpowers/plans/2026-08-30-flow-v1-phase-2-data-contract.md	546	docs/knowledge-base/00_start_here/PROJECT_STATE.md
docs/superpowers/plans/2026-08-30-flow-v1-phase-2-data-contract.md	546	docs/knowledge-base/00_start_here/AGENT_START_HERE.md
docs/superpowers/plans/2026-08-30-flow-v1-phase-2-data-contract.md	546	docs/knowledge-base/99_manifest/inventory.tsv
docs/superpowers/plans/2026-08-30-flow-v1-phase-2-data-contract.md	546	docs/knowledge-base/99_manifest/sha256sums.txt
docs/superpowers/plans/2026-08-30-flow-v1-phase-3-intake.md	213	docs/intake/flow-v1-intake.md
docs/superpowers/plans/2026-08-30-flow-v1-phase-3-intake.md	224	docs/implementation/2026-08-31-phase-3-verification.md
docs/superpowers/plans/2026-08-30-flow-v1-phase-4-metrics.md	373	docs/metrics/flow-v1-metrics.md
docs/superpowers/plans/2026-08-30-flow-v1-phase-4-metrics.md	376	docs/implementation/2026-09-01-phase-4-verification.md
docs/superpowers/plans/2026-08-30-flow-v1-phase-4-metrics.md	377	docs/knowledge-base/00_start_here/PROJECT_STATE.md
docs/superpowers/plans/2026-08-30-flow-v1-phase-4-metrics.md	378	docs/knowledge-base/00_start_here/AGENT_START_HERE.md
docs/superpowers/plans/2026-08-30-flow-v1-phase-4-metrics.md	379	docs/knowledge-base/99_manifest/inventory.tsv
docs/superpowers/plans/2026-08-30-flow-v1-phase-4-metrics.md	380	docs/knowledge-base/99_manifest/sha256sums.txt
docs/superpowers/plans/2026-08-30-flow-v1-phase-6-dashboard.md	14	docs/knowledge-base/03_assets/visual_prototypes/dashboard-density-v2.html
docs/superpowers/plans/2026-08-30-flow-v1-phase-6-dashboard.md	16	docs/superpowers/specs/2026-09-01-flow-v1-phase-6-dashboard-design.md
docs/superpowers/plans/2026-08-30-flow-v1-phase-6-dashboard.md	401	docs/implementation/2026-09-02-phase-6-dashboard-fidelity.md
docs/superpowers/plans/2026-08-30-flow-v1-phase-6-dashboard.md	402	docs/implementation/2026-09-02-phase-6-verification.md
docs/superpowers/plans/2026-08-30-flow-v1-phase-6-dashboard.md	403	docs/knowledge-base/00_start_here/PROJECT_STATE.md
docs/superpowers/plans/2026-08-30-flow-v1-phase-6-dashboard.md	404	docs/knowledge-base/00_start_here/AGENT_START_HERE.md
docs/superpowers/plans/2026-08-30-flow-v1-phase-6-dashboard.md	405	docs/knowledge-base/04_decisions/DECISION_LOG.md
docs/superpowers/plans/2026-08-30-flow-v1-phase-6-dashboard.md	406	docs/knowledge-base/04_decisions/CHANGE_IMPACT_MAP.md
docs/superpowers/plans/2026-08-30-flow-v1-phase-6-dashboard.md	407	docs/knowledge-base/99_manifest/inventory.tsv
docs/superpowers/plans/2026-08-30-flow-v1-phase-6-dashboard.md	408	docs/knowledge-base/99_manifest/sha256sums.txt
docs/superpowers/plans/2026-09-01-flow-v1-phase-5-analysis.md	14	docs/superpowers/specs/2026-09-01-flow-v1-phase-5-analysis-design.md
docs/superpowers/plans/2026-09-01-flow-v1-phase-5-analysis.md	311	docs/implementation/2026-09-01-phase-5-verification.md
docs/superpowers/plans/2026-09-01-flow-v1-phase-5-analysis.md	312	docs/knowledge-base/00_start_here/PROJECT_STATE.md
docs/superpowers/plans/2026-09-01-flow-v1-phase-5-analysis.md	313	docs/knowledge-base/00_start_here/AGENT_START_HERE.md
docs/superpowers/plans/2026-09-01-flow-v1-phase-5-analysis.md	314	docs/knowledge-base/README.md
docs/superpowers/plans/2026-09-01-flow-v1-phase-5-analysis.md	315	docs/knowledge-base/99_manifest/inventory.tsv
docs/superpowers/plans/2026-09-01-flow-v1-phase-5-analysis.md	316	docs/knowledge-base/99_manifest/sha256sums.txt
docs/superpowers/plans/2026-09-02-flow-v0.1.1-baseline-repair.md	31	docs/knowledge-base/99_manifest/inventory.tsv
docs/superpowers/plans/2026-09-02-flow-v0.1.1-baseline-repair.md	32	docs/knowledge-base/99_manifest/sha256sums.txt
docs/superpowers/plans/2026-09-02-flow-v0.1.1-baseline-repair.md	77	docs/knowledge-base/99_manifest/inventory.tsv
docs/superpowers/plans/2026-09-02-flow-v0.1.1-baseline-repair.md	78	docs/knowledge-base/99_manifest/sha256sums.txt
docs/superpowers/plans/2026-09-02-flow-v0.1.1-baseline-repair.md	120	docs/implementation/2026-09-02-phase-6-verification.md
docs/superpowers/plans/2026-09-02-flow-v0.1.1-baseline-repair.md	121	docs/knowledge-base/00_start_here/PROJECT_STATE.md
docs/superpowers/plans/2026-09-02-flow-v0.1.1-baseline-repair.md	122	docs/knowledge-base/00_start_here/AGENT_START_HERE.md
docs/superpowers/plans/2026-09-02-flow-v0.1.1-baseline-repair.md	123	docs/implementation/2026-09-02-phase-10-acceptance.md
docs/superpowers/plans/2026-09-02-flow-v0.1.1-baseline-repair.md	124	docs/knowledge-base/04_decisions/DECISION_LOG.md
docs/superpowers/plans/2026-09-02-flow-v0.1.1-baseline-repair.md	125	docs/knowledge-base/04_decisions/CHANGE_IMPACT_MAP.md
docs/superpowers/plans/2026-09-02-flow-v0.1.1-baseline-repair.md	156	docs/implementation/2026-09-02-phase-10-acceptance.md
docs/superpowers/plans/2026-09-02-flow-v0.1.1-baseline-repair.md	187	docs/implementation/2026-09-02-phase-10-acceptance.md
docs/superpowers/plans/2026-09-02-flow-v1-phase-7-investigation.md	14	docs/superpowers/specs/2026-08-29-flow-v1-design.md
docs/superpowers/plans/2026-09-02-flow-v1-phase-7-investigation.md	14	docs/knowledge-base/03_assets/visual_prototypes/investigation-evidence-v2.html
docs/superpowers/plans/2026-09-02-flow-v1-phase-7-investigation.md	93	docs/implementation/2026-09-02-phase-7-verification.md
docs/superpowers/plans/2026-09-02-flow-v1-phase-8-copilot.md	14	docs/superpowers/specs/2026-08-29-flow-v1-design.md
docs/superpowers/plans/2026-09-02-flow-v1-phase-9-publishing.md	14	docs/superpowers/specs/2026-08-29-flow-v1-design.md
docs/superpowers/plans/2026-09-06-finance-track-master-plan.md	14	docs/knowledge-base/00_start_here/PROJECT_STATE.md
docs/superpowers/plans/2026-09-06-finance-track-master-plan.md	14	docs/superpowers/specs/2026-09-05-flow-metric-dictionary-design.md
docs/superpowers/plans/2026-09-06-finance-track-master-plan.md	100	docs/implementation/p5/P5-validation-summary.md
docs/superpowers/plans/2026-09-06-objective-financial-analysis-master-plan.md	78	docs/implementation/objective-analysis/2026-09-06-baseline-audit.md
docs/superpowers/plans/2026-09-06-objective-financial-analysis-master-plan.md	83	docs/superpowers/specs/financial-facts-contract.md
docs/superpowers/plans/2026-09-06-objective-financial-analysis-master-plan.md	147	docs/implementation/objective-analysis/2026-09-06-caliber-audit.md
docs/superpowers/plans/2026-09-06-objective-financial-analysis-master-plan.md	265	docs/README.md
docs/superpowers/plans/2026-09-06-objective-financial-analysis-master-plan.md	275	docs/operations/authentication.md
docs/superpowers/plans/2026-09-06-objective-financial-analysis-master-plan.md	372	docs/2026-09-07-documentation-governance.md
docs/superpowers/plans/2026-09-06-objective-financial-analysis-master-plan.md	381	docs/superpowers/specs/financial-facts-contract.md
docs/superpowers/plans/2026-09-06-objective-financial-analysis-master-plan.md	386	docs/implementation/objective-analysis/2026-09-06-baseline-audit.md
docs/superpowers/plans/2026-09-06-objective-financial-analysis-master-plan.md	387	docs/superpowers/specs/financial-facts-contract.md
docs/superpowers/plans/2026-09-06-objective-financial-analysis-master-plan.md	395	docs/implementation/objective-analysis/2026-09-06-caliber-audit.md
docs/superpowers/plans/2026-09-07-next-stage-upgrade-plan.md	73	docs/implementation/objective-analysis/2026-09-06-baseline-audit.md
docs/superpowers/plans/2026-09-07-next-stage-upgrade-plan.md	73	docs/knowledge-base/00_start_here/PROJECT_STATE.md
docs/superpowers/plans/2026-09-07-next-stage-upgrade-plan.md	73	docs/implementation/objective-analysis/next-stage-baseline.md
docs/superpowers/plans/2026-09-07-next-stage-upgrade-plan.md	87	docs/implementation/objective-analysis/2026-09-06-caliber-audit.md
docs/superpowers/plans/2026-09-07-unified-next-plan.md	169	docs/implementation/metric-library-v1.1.md
docs/superpowers/plans/2026-09-07-v11-evidence-decision-pack.md	12	docs/implementation/p5/sf_2026q1_diff_report.md
docs/superpowers/plans/2026-09-09-operations-track-plan.md	29	docs/implementation/p5/cainiao_operating_metrics.yaml
docs/superpowers/plans/2026-09-12-static-knowledge-and-document-migration.md	34	docs/superpowers/specs/2026-09-12-static-knowledge-and-document-architecture-design.md
docs/superpowers/plans/2026-09-12-static-knowledge-and-document-migration.md	53	docs/knowledge-base/README.md
docs/superpowers/plans/2026-09-12-static-knowledge-and-document-migration.md	116	docs/README.md
docs/superpowers/plans/2026-09-12-static-knowledge-and-document-migration.md	117	docs/00_start_here/README.md
docs/superpowers/plans/2026-09-12-static-knowledge-and-document-migration.md	118	docs/00_start_here/PROJECT_STATE.md
docs/superpowers/plans/2026-09-12-static-knowledge-and-document-migration.md	119	docs/00_start_here/READING_ORDER.md
docs/superpowers/plans/2026-09-12-static-knowledge-and-document-migration.md	120	docs/00_start_here/DOCUMENT_MAP.md
docs/superpowers/plans/2026-09-12-static-knowledge-and-document-migration.md	122	docs/10_governance/DECISION_INDEX.md
docs/superpowers/plans/2026-09-12-static-knowledge-and-document-migration.md	126	docs/knowledge-base/04_decisions/DECISION_LOG.md
docs/superpowers/plans/2026-09-12-static-knowledge-and-document-migration.md	133	docs/implementation/objective-analysis/metric-execution-coverage.md
docs/superpowers/plans/2026-09-12-static-knowledge-and-document-migration.md	134	docs/knowledge-base/02_research/synthesis/指标库初始数据集_v0_草案.yaml
docs/superpowers/plans/2026-09-12-static-knowledge-and-document-migration.md	135	docs/knowledge-base/02_research/synthesis/会计基础数据集_v0_草案.yaml
docs/superpowers/plans/2026-09-12-static-knowledge-and-document-migration.md	136	docs/superpowers/specs/financial-facts-contract.md
docs/superpowers/plans/2026-09-12-static-knowledge-and-document-migration.md	234	docs/knowledge-base/README.md
docs/superpowers/plans/2026-09-12-static-knowledge-and-document-migration.md	235	docs/knowledge-base/99_manifest/inventory.tsv
docs/superpowers/plans/2026-09-12-static-knowledge-and-document-migration.md	236	docs/knowledge-base/99_manifest/sha256sums.txt
docs/superpowers/plans/2026-09-12-static-knowledge-and-document-migration.md	318	docs/10_governance/legacy-exemptions.tsv
docs/superpowers/plans/2026-09-12-static-knowledge-and-document-migration.md	373	docs/00_start_here/README.md
docs/superpowers/plans/2026-09-12-static-knowledge-and-document-migration.md	374	docs/00_start_here/PROJECT_STATE.md
docs/superpowers/plans/2026-09-12-static-knowledge-and-document-migration.md	375	docs/00_start_here/READING_ORDER.md
docs/superpowers/plans/2026-09-12-static-knowledge-and-document-migration.md	376	docs/00_start_here/DOCUMENT_MAP.md
docs/superpowers/plans/2026-09-12-static-knowledge-and-document-migration.md	377	docs/10_governance/README.md
docs/superpowers/plans/2026-09-12-static-knowledge-and-document-migration.md	378	docs/20_product/README.md
docs/superpowers/plans/2026-09-12-static-knowledge-and-document-migration.md	379	docs/30_architecture/README.md
docs/superpowers/plans/2026-09-12-static-knowledge-and-document-migration.md	380	docs/40_specs/README.md
docs/superpowers/plans/2026-09-12-static-knowledge-and-document-migration.md	381	docs/50_plans/README.md
docs/superpowers/plans/2026-09-12-static-knowledge-and-document-migration.md	382	docs/60_delivery/README.md
docs/superpowers/plans/2026-09-12-static-knowledge-and-document-migration.md	383	docs/70_operations/README.md
docs/superpowers/plans/2026-09-12-static-knowledge-and-document-migration.md	384	docs/80_reviews/README.md
docs/superpowers/plans/2026-09-12-static-knowledge-and-document-migration.md	385	docs/90_archive/README.md
docs/superpowers/plans/2026-09-12-static-knowledge-and-document-migration.md	386	docs/README.md
docs/superpowers/plans/2026-09-12-static-knowledge-and-document-migration.md	387	docs/knowledge-base/00_start_here/PROJECT_STATE.md
docs/superpowers/plans/2026-09-12-static-knowledge-and-document-migration.md	388	docs/knowledge-base/00_start_here/AGENT_START_HERE.md
docs/superpowers/plans/2026-09-12-static-knowledge-and-document-migration.md	389	docs/knowledge-base/README.md
docs/superpowers/plans/2026-09-12-static-knowledge-and-document-migration.md	390	docs/knowledge-base/99_manifest/inventory.tsv
docs/superpowers/plans/2026-09-12-static-knowledge-and-document-migration.md	391	docs/knowledge-base/99_manifest/sha256sums.txt
docs/superpowers/plans/2026-09-12-static-knowledge-and-document-migration.md	413	docs/README.md
docs/superpowers/plans/2026-09-12-static-knowledge-and-document-migration.md	434	docs/10_governance/DOCUMENT_GOVERNANCE.md
docs/superpowers/plans/2026-09-12-static-knowledge-and-document-migration.md	435	docs/10_governance/KNOWLEDGE_GOVERNANCE.md
docs/superpowers/plans/2026-09-12-static-knowledge-and-document-migration.md	436	docs/10_governance/TERMS_AND_NAMESPACES.md
docs/superpowers/plans/2026-09-12-static-knowledge-and-document-migration.md	437	docs/10_governance/DECISION_INDEX.md
docs/superpowers/plans/2026-09-12-static-knowledge-and-document-migration.md	440	docs/knowledge-base/04_decisions/CHANGE_IMPACT_MAP.md
docs/superpowers/plans/2026-09-12-static-knowledge-and-document-migration.md	441	docs/knowledge-base/99_manifest/inventory.tsv
docs/superpowers/plans/2026-09-12-static-knowledge-and-document-migration.md	442	docs/knowledge-base/99_manifest/sha256sums.txt
docs/superpowers/plans/2026-09-12-static-knowledge-and-document-migration.md	443	docs/2026-09-07-documentation-governance.md
docs/superpowers/plans/2026-09-12-static-knowledge-and-document-migration.md	444	docs/00_start_here/DOCUMENT_MAP.md
docs/superpowers/plans/2026-09-12-static-knowledge-and-document-migration.md	445	docs/00_start_here/READING_ORDER.md
docs/superpowers/plans/2026-09-12-static-knowledge-and-document-migration.md	459	docs/knowledge-base/04_decisions/DECISION_LOG.md
docs/superpowers/plans/2026-09-12-static-knowledge-and-document-migration.md	495	docs/knowledge-base/10_sources/README.md
docs/superpowers/plans/2026-09-12-static-knowledge-and-document-migration.md	496	docs/knowledge-base/10_sources/SOURCE_REGISTER.md
docs/superpowers/plans/2026-09-12-static-knowledge-and-document-migration.md	497	docs/knowledge-base/10_sources/source-register.tsv
docs/superpowers/plans/2026-09-12-static-knowledge-and-document-migration.md	498	docs/knowledge-base/10_sources/snapshots/obsidian-2026-09-12T15-46+08-00.yaml
docs/superpowers/plans/2026-09-12-static-knowledge-and-document-migration.md	499	docs/knowledge-base/00_governance/releases/flow-knowledge-2026-09-12.1/coverage.tsv
docs/superpowers/plans/2026-09-12-static-knowledge-and-document-migration.md	502	docs/knowledge-base/99_manifest/inventory.tsv
docs/superpowers/plans/2026-09-12-static-knowledge-and-document-migration.md	503	docs/knowledge-base/99_manifest/sha256sums.txt
docs/superpowers/plans/2026-09-12-static-knowledge-and-document-migration.md	540	docs/knowledge-base/20_knowledge_cards/TAXONOMY--v1.0.yaml
docs/superpowers/plans/2026-09-12-static-knowledge-and-document-migration.md	541	docs/knowledge-base/20_knowledge_cards/authoring-batches.tsv
docs/superpowers/plans/2026-09-12-static-knowledge-and-document-migration.md	544	docs/knowledge-base/40_methods_and_patterns/README.md
docs/superpowers/plans/2026-09-12-static-knowledge-and-document-migration.md	545	docs/knowledge-base/50_product_mappings/README.md
docs/superpowers/plans/2026-09-12-static-knowledge-and-document-migration.md	546	docs/knowledge-base/50_product_mappings/FLOW-PRODUCT-MAPPING--v1.0.md
docs/superpowers/plans/2026-09-12-static-knowledge-and-document-migration.md	550	docs/knowledge-base/99_manifest/inventory.tsv
docs/superpowers/plans/2026-09-12-static-knowledge-and-document-migration.md	551	docs/knowledge-base/99_manifest/sha256sums.txt
docs/superpowers/plans/2026-09-12-static-knowledge-and-document-migration.md	605	docs/knowledge-base/README.md
docs/superpowers/plans/2026-09-12-static-knowledge-and-document-migration.md	606	docs/knowledge-base/99_manifest/inventory.tsv
docs/superpowers/plans/2026-09-12-static-knowledge-and-document-migration.md	607	docs/knowledge-base/99_manifest/sha256sums.txt
docs/superpowers/plans/2026-09-12-static-knowledge-and-document-migration.md	678	docs/README.md
docs/superpowers/plans/2026-09-12-static-knowledge-and-document-migration.md	680	docs/00_start_here/READING_ORDER.md
docs/superpowers/plans/2026-09-12-static-knowledge-and-document-migration.md	681	docs/00_start_here/DOCUMENT_MAP.md
docs/superpowers/plans/2026-09-12-static-knowledge-and-document-migration.md	718	docs/architecture/flow-v1-runtime.md
docs/superpowers/plans/2026-09-12-static-knowledge-and-document-migration.md	719	docs/architecture/flow-v1-domain-objects.md
docs/superpowers/plans/2026-09-12-static-knowledge-and-document-migration.md	720	docs/intake/flow-v1-intake.md
docs/superpowers/plans/2026-09-12-static-knowledge-and-document-migration.md	721	docs/data-contract/flow-v1.md
docs/superpowers/plans/2026-09-12-static-knowledge-and-document-migration.md	722	docs/metrics/flow-v1-metrics.md
docs/superpowers/plans/2026-09-12-static-knowledge-and-document-migration.md	723	docs/operations/authentication.md
docs/superpowers/plans/2026-09-12-static-knowledge-and-document-migration.md	724	docs/superpowers/specs/2026-08-29-flow-v1-design.md
docs/superpowers/plans/2026-09-12-static-knowledge-and-document-migration.md	725	docs/superpowers/specs/2026-09-01-flow-v1-phase-5-analysis-design.md
docs/superpowers/plans/2026-09-12-static-knowledge-and-document-migration.md	726	docs/superpowers/specs/2026-09-01-flow-v1-phase-6-dashboard-design.md
docs/superpowers/plans/2026-09-12-static-knowledge-and-document-migration.md	727	docs/superpowers/specs/2026-09-04-review-repairs-design.md
docs/superpowers/plans/2026-09-12-static-knowledge-and-document-migration.md	728	docs/superpowers/specs/2026-09-05-flow-metric-dictionary-design.md
docs/superpowers/plans/2026-09-12-static-knowledge-and-document-migration.md	729	docs/superpowers/specs/2026-09-06-objective-financial-analysis-direction.md
docs/superpowers/plans/2026-09-12-static-knowledge-and-document-migration.md	730	docs/superpowers/specs/2026-09-09-operations-track-methodology.md
docs/superpowers/plans/2026-09-12-static-knowledge-and-document-migration.md	731	docs/superpowers/specs/financial-facts-contract.md
docs/superpowers/plans/2026-09-12-static-knowledge-and-document-migration.md	785	docs/superpowers/plans/2026-09-07-unified-next-plan.md
docs/superpowers/plans/2026-09-12-static-knowledge-and-document-migration.md	786	docs/superpowers/plans/2026-09-09-operations-track-plan.md
docs/superpowers/plans/2026-09-12-static-knowledge-and-document-migration.md	787	docs/00_start_here/PROJECT_STATE.md
docs/superpowers/plans/2026-09-12-static-knowledge-and-document-migration.md	788	docs/00_start_here/READING_ORDER.md
docs/superpowers/plans/2026-09-12-static-knowledge-and-document-migration.md	789	docs/README.md
docs/superpowers/plans/2026-09-12-static-knowledge-and-document-migration.md	791	docs/superpowers/plans/2026-09-12-static-knowledge-and-document-migration.md
docs/superpowers/plans/2026-09-12-static-knowledge-and-document-migration.md	851	docs/documentation-status.md
docs/superpowers/plans/2026-09-12-static-knowledge-and-document-migration.md	852	docs/00_start_here/DOCUMENT_MAP.md
docs/superpowers/plans/2026-09-12-static-knowledge-and-document-migration.md	853	docs/knowledge-base/99_manifest/inventory.tsv
docs/superpowers/plans/2026-09-12-static-knowledge-and-document-migration.md	854	docs/knowledge-base/99_manifest/sha256sums.txt
docs/superpowers/plans/2026-09-12-static-knowledge-and-document-migration.md	917	docs/documentation-status.md
docs/superpowers/plans/2026-09-12-static-knowledge-and-document-migration.md	918	docs/README.md
docs/superpowers/plans/2026-09-12-static-knowledge-and-document-migration.md	919	docs/00_start_here/DOCUMENT_MAP.md
docs/superpowers/plans/2026-09-12-static-knowledge-and-document-migration.md	1017	docs/knowledge-base/99_manifest/READER_TEST.md
docs/superpowers/plans/2026-09-12-static-knowledge-and-document-migration.md	1018	docs/knowledge-base/99_manifest/inventory.tsv
docs/superpowers/plans/2026-09-12-static-knowledge-and-document-migration.md	1019	docs/knowledge-base/99_manifest/sha256sums.txt
docs/superpowers/plans/2026-09-12-static-knowledge-and-document-migration.md	1058	docs/00_start_here/PROJECT_STATE.md
docs/superpowers/plans/2026-09-12-static-knowledge-and-document-migration.md	1059	docs/README.md
docs/superpowers/plans/2026-09-12-static-knowledge-and-document-migration.md	1060	docs/knowledge-base/README.md
docs/superpowers/plans/2026-09-12-static-knowledge-and-document-migration.md	1067	docs/knowledge-base/99_manifest/inventory.tsv
docs/superpowers/plans/2026-09-12-static-knowledge-and-document-migration.md	1068	docs/knowledge-base/99_manifest/sha256sums.txt
docs/superpowers/specs/2026-09-05-flow-metric-dictionary-design.md	7	docs/knowledge-base/02_research/synthesis/2026-09-05-会计与财务指标知识库_设计草案.md
docs/superpowers/specs/2026-09-05-flow-metric-dictionary-design.md	96	docs/knowledge-base/03_assets/visual_prototypes/metric-library-v0-review.html
docs/superpowers/specs/2026-09-05-flow-metric-dictionary-design.md	115	docs/implementation/p5/sf_2026q1_report_view.html
docs/superpowers/specs/2026-09-12-static-knowledge-and-document-architecture-design.md	20	docs/knowledge-base/02_research/synthesis/2026-09-12-obsidian-internal-kb-assessment.md
docs/superpowers/specs/2026-09-12-static-knowledge-and-document-architecture-design.md	129	docs/knowledge-base/02_research/2026-09-11-finance-knowledge-map.md
docs/superpowers/specs/2026-09-12-static-knowledge-and-document-architecture-design.md	130	docs/superpowers/specs/2026-09-09-operations-track-methodology.md
scripts/capture_p5_report_screenshots.mjs	16	docs/implementation/p5/sf_2026q1_report_view.html
scripts/capture_p5_report_screenshots.mjs	26	docs/implementation/p5/tencent_2026q2_report_view.html
scripts/capture_p5_report_screenshots.mjs	63	docs/knowledge-base/03_assets/visual_prototypes/metric-library-v0-review.html
scripts/documentation/knowledge_release.py	197	docs/knowledge-base/10_sources/source-register.tsv
scripts/documentation/metadata.py	148	docs/10_governance/legacy-exemptions.tsv
scripts/generate_metric_coverage_doc.py	15	docs/implementation/objective-analysis/metric-execution-coverage.md
scripts/generate_metric_library_doc.py	6	docs/implementation/metric-library-v1.1.md
scripts/generate_metric_library_doc.py	17	docs/implementation/metric-library-v1.1.md
scripts/generate_metric_library_review.py	8	docs/knowledge-base/03_assets/visual_prototypes/metric-library-v0-review.html
scripts/generate_metric_library_review.py	22	docs/knowledge-base/03_assets/visual_prototypes/metric-library-v0-review.html
scripts/generate_objective_report_pdfs.py	33	docs/implementation/p5/sf_2026q1_statements.yaml
scripts/generate_objective_report_pdfs.py	40	docs/implementation/p5/tencent_2026q2_statements.yaml
scripts/generate_objective_report_pdfs.py	47	docs/implementation/p5/jdl_2025fy_statements.yaml
scripts/p5_build_fact_store.py	8	docs/implementation/p5/item_alias_map_v0.yaml
scripts/p5_build_fact_store.py	23	docs/implementation/p5/sf_2026q1_statements.yaml
scripts/p5_build_fact_store.py	24	docs/implementation/p5/item_alias_map_v0.yaml
scripts/p5_build_fact_store.py	25	docs/implementation/p5/statement_facts.yaml
scripts/p5_build_fact_store.py	134	docs/implementation/p5/item_alias_map_v0.yaml
scripts/p5_build_report_view.py	8	docs/implementation/p5/sf_2026q1_report_view.html
scripts/p5_build_report_view.py	23	docs/implementation/p5/sf_2026q1_statements.yaml
scripts/p5_build_report_view.py	24	docs/implementation/p5/sf_2026q1_report_view.html
scripts/p5_build_report_view.py	84	docs/implementation/p5/tencent_2026q2_report_view.html
scripts/p5_cross_validate_sf.py	10	docs/implementation/p5/sf_2026q1_diff_report.md
scripts/p5_cross_validate_sf.py	23	docs/implementation/p5/sf_2026q1_statements.yaml
scripts/p5_cross_validate_sf.py	24	docs/implementation/p5/sf_2026q1_diff_report.md
scripts/p5_extract_jdl.py	23	docs/implementation/p5/jdl_2025fy_statements.yaml
scripts/p5_extract_tencent.py	23	docs/implementation/p5/tencent_2026q2_statements.yaml
scripts/p5_query_facts.py	23	docs/implementation/p5/statement_facts.yaml
scripts/p5_query_facts.py	24	docs/knowledge-base/02_research/synthesis/指标库初始数据集_v0_草案.yaml
scripts/p5_query_facts.py	25	docs/implementation/p5/metric_coverage_matrix.md
scripts/p5_query_facts.py	166	docs/implementation/p5/sf_2026q1_statements.yaml
scripts/p5_query_facts.py	178	docs/knowledge-base/02_research/original/p5_samples/tencent_0700/Tencent_2026_Q2_results.pdf
scripts/rich_report.py	9	docs/implementation/p5/sf_2026q1_statements.yaml
scripts/seed_statement_reports.py	6	docs/implementation/p5/sf_2026q1_statements.yaml
scripts/test_statements_e2e.sh	35	docs/implementation/p5/sf_2026q1_statements.yaml
scripts/tests/test_decision_integrity.py	13	docs/10_governance/DECISION_INDEX.md
scripts/tests/test_decision_integrity.py	57	docs/knowledge-base/04_decisions/DECISION_LOG.md
scripts/tests/test_document_inventory.py	28	docs/README.md
scripts/tests/test_document_inventory.py	73	docs/README.md
scripts/tests/test_document_inventory.py	92	docs/README.md
scripts/tests/test_document_inventory.py	95	docs/README.md
scripts/tests/test_document_inventory.py	133	docs/README.md
scripts/tests/test_document_inventory.py	144	docs/README.md
scripts/tests/test_document_inventory.py	146	docs/README.md
scripts/tests/test_document_inventory.py	149	docs/README.md
scripts/tests/test_document_metadata.py	117	docs/00_start_here/PROJECT_STATE.md
scripts/tests/test_document_metadata.py	131	docs/10_governance/legacy-exemptions.tsv
scripts/tests/test_kb_manifest.py	24	docs/knowledge-base/README.md
scripts/tests/test_kb_manifest.py	53	docs/knowledge-base/99_manifest/inventory.tsv
scripts/tests/test_kb_manifest.py	54	docs/knowledge-base/99_manifest/sha256sums.txt
scripts/tests/test_kb_manifest.py	77	docs/knowledge-base/README.md
scripts/tests/test_kb_manifest.py	83	docs/knowledge-base/README.md
scripts/tests/test_kb_manifest.py	96	docs/knowledge-base/99_manifest/inventory.tsv
scripts/tests/test_kb_manifest.py	97	docs/knowledge-base/99_manifest/sha256sums.txt
services/api/src/flow_api/metric_library_store/impact.py	26	docs/implementation/p5/statement_facts.yaml
services/api/src/flow_api/operations/engine.py	67	docs/implementation/p5/cainiao_segment_series.yaml
services/api/src/flow_api/operations/engine.py	71	docs/implementation/p5/cainiao_operating_metrics.yaml
services/api/src/flow_api/statements/fact_contract.py	3	docs/superpowers/specs/financial-facts-contract.md
services/api/tests/analysis/test_objective_finance.py	34	docs/implementation/p5/sf_2026q1_statements.yaml
services/api/tests/api/test_objective_snapshot_api.py	34	docs/implementation/p5/sf_2026q1_statements.yaml
services/api/tests/api/test_statement_projection_api.py	35	docs/implementation/p5/sf_2026q1_statements.yaml
services/api/tests/api/test_workbench_api.py	35	docs/implementation/p5/sf_2026q1_statements.yaml
services/api/tests/data_contract/test_committed_artifacts.py	17	docs/data-contract/flow-v1.md
services/api/tests/metrics/test_dictionary_execution_parity.py	23	docs/implementation/p5/statement_facts.yaml
services/api/tests/metrics/test_dictionary_execution_parity.py	24	docs/implementation/objective-analysis/metric-execution-coverage.md
services/api/tests/operations/test_operating_facts.py	19	docs/implementation/p5/cainiao_operating_metrics.yaml
services/api/tests/operations/test_operations_engine.py	33	docs/implementation/p5/sf_2026q1_statements.yaml
services/api/tests/operations/test_operations_engine.py	149	docs/implementation/p5/tencent_2026q2_statements.yaml
services/api/tests/operations/test_operations_engine.py	185	docs/implementation/p5/cainiao_2023fy_statements.yaml
services/api/tests/operations/test_operations_engine.py	240	docs/implementation/p5/cainiao_segment_series.yaml
services/api/tests/operations/test_operations_engine.py	255	docs/implementation/p5/cainiao_segment_series.yaml
services/api/tests/operations/test_operations_engine.py	271	docs/implementation/p5/cainiao_2023fy_statements.yaml
services/api/tests/operations/test_operations_freeze.py	34	docs/implementation/p5/sf_2026q1_statements.yaml
services/api/tests/operations/test_operations_publication.py	31	docs/implementation/p5/sf_2026q1_statements.yaml
services/api/tests/publishing/test_objective_eligibility.py	40	docs/implementation/p5/sf_2026q1_statements.yaml
services/api/tests/publishing/test_objective_freeze.py	43	docs/implementation/p5/sf_2026q1_statements.yaml
services/api/tests/publishing/test_objective_renderers.py	38	docs/implementation/p5/sf_2026q1_statements.yaml
services/api/tests/statements/test_drilldown.py	39	docs/implementation/p5/sf_2026q1_statements.yaml
services/api/tests/statements/test_drilldown.py	40	docs/implementation/p5/tencent_2026q2_statements.yaml
services/api/tests/statements/test_fact_contract.py	3	docs/superpowers/specs/financial-facts-contract.md
services/api/tests/statements/test_normalization.py	36	docs/implementation/p5/sf_2026q1_statements.yaml
services/api/tests/statements/test_normalization.py	37	docs/implementation/p5/tencent_2026q2_statements.yaml
services/api/tests/statements/test_normalization.py	357	docs/implementation/p5/jdl_2025fy_statements.yaml
services/api/tests/statements/test_projection.py	39	docs/implementation/p5/sf_2026q1_statements.yaml
validation/financial_reports/manifest.yaml	26	docs/knowledge-base/02_research/original/p5_samples/sf_002352/SF_2026_Q1_report.pdf
validation/financial_reports/manifest.yaml	44	docs/knowledge-base/02_research/original/p5_samples/tencent_0700/Tencent_2026_Q2_results.pdf
validation/financial_reports/manifest.yaml	62	docs/knowledge-base/02_research/original/p5_samples/jd_logistics_2618/JDL_FY2025_annual_report.pdf
validation/financial_reports/manifest.yaml	79	docs/knowledge-base/02_research/original/p5_samples/tencent_0700/Tencent_FY2025_annual_report.pdf
validation/financial_reports/manifest.yaml	95	docs/knowledge-base/02_research/original/p5_samples/sf_002352/SF_2026_H1_report.pdf
validation/financial_reports/manifest.yaml	132	docs/knowledge-base/02_research/original/p5_samples/yto_600233/YTO_2026_Q1_report.pdf
